{"cameraMode":{"drawMode":0,"name":"Shaded","section":"Shading Mode"},"sceneLighting":true,"audioPlay":false,"sceneViewState":{"m_AlwaysRefresh":false,"showFog":true,"showSkybox":true,"showFlares":true,"showImageEffects":true,"showParticleSystems":true,"showVisualEffectGraphs":true,"m_FxEnabled":true},"in2DMode":false,"pivot":{"x":2.1682326793670656,"y":0.11049842834472656,"z":-5.922297954559326},"rotation":{"x":0.3506256639957428,"y":0.1283690631389618,"z":-0.048593513667583469,"w":0.9264326691627502},"size":4.649895668029785,"orthographic":false}